{
    "loss": 5.474564552307129,
    "accuracy": 0.686274528503418
}