{
    "loss": 0.06062294542789459,
    "accuracy": 0.9901960492134094
}